{"train_loss": 0.6894869804382324, "epoch": 49, "trainer/global_step": 49, "_timestamp": 1682361945.6272995, "_runtime": 8.971179485321045, "_step": 0, "_wandb": {"runtime": 10}}