{"train_loss": 0.34222412109375, "epoch": 999, "trainer/global_step": 999, "_timestamp": 1682361616.5832472, "_runtime": 164.27261424064636, "_step": 19, "_wandb": {"runtime": 163}}