{"train_loss": 30.070911407470703, "epoch": 149, "trainer/global_step": 149, "_timestamp": 1682369556.0985248, "_runtime": 42.61045289039612, "_step": 2, "_wandb": {"runtime": 50}}