{"train_loss": 0.6228607892990112, "epoch": 149, "trainer/global_step": 149, "_timestamp": 1682361797.5767727, "_runtime": 27.743717670440674, "_step": 2, "_wandb": {"runtime": 28}}